-- +goose Up
-- +goose StatementBegin
INSERT INTO delegates (delegate_id, telegram_id, name, delegate_group, has_voted) VALUES
(067886, NULL, 'Данила Ленский', '20.б12-пу', FALSE),
(000000, NULL, 'Иван Иванов', '20.б11-пу', FALSE),
(000001, NULL, 'Петр Петров', '20.б13-пу', FALSE),
(000002, NULL, 'Василий Васильев', '21.б12-пу', FALSE),
(000003, NULL, 'Екатерина Иванова', '21.б13-пу', FALSE),
(147852, NULL, 'Delegate 147852', '20.б01-пу', TRUE),
(369852, NULL, 'Delegate 369852', '20.б02-пу', TRUE),
(741852, NULL, 'Delegate 741852', '20.б03-пу', TRUE),
(963852, NULL, 'Delegate 963852', '20.б04-пу', TRUE),
(258369, NULL, 'Delegate 258369', '20.б05-пу', TRUE),
(753951, NULL, 'Delegate 753951', '20.б06-пу', TRUE),
(456123, NULL, 'Delegate 456123', '20.б07-пу', TRUE),
(852741, NULL, 'Delegate 852741', '20.б08-пу', TRUE),
(951357, NULL, 'Delegate 951357', '20.б09-пу', TRUE),
(425874, NULL, 'Delegate 425874', '20.б10-пу', TRUE),
(357951, NULL, 'Delegate 357951', '20.б21-пу', TRUE),
(159357, NULL, 'Delegate 159357', '20.б22-пу', TRUE),
(789654, NULL, 'Delegate 789654', '20.б23-пу', TRUE),
(321456, NULL, 'Delegate 321456', '20.б14-пу', TRUE),
(987456, NULL, 'Delegate 987456', '20.б15-пу', TRUE),
(365874, NULL, 'Delegate 365874', '20.б16-пу', TRUE),
(147258, NULL, 'Delegate 147258', '20.б17-пу', TRUE),
(987123, NULL, 'Delegate 987123', '20.б18-пу', TRUE),
(321654, NULL, 'Delegate 321654', '20.б19-пу', TRUE),
(741258, NULL, 'Delegate 741258', '20.б20-пу', TRUE),
(147853, NULL, 'Delegate 147853', '21.б01-пу', TRUE),
(369853, NULL, 'Delegate 369853', '21.б02-пу', TRUE),
(741853, NULL, 'Delegate 741853', '21.б03-пу', TRUE),
(963853, NULL, 'Delegate 963853', '21.б04-пу', TRUE),
(258370, NULL, 'Delegate 258370', '21.б05-пу', TRUE),
(753952, NULL, 'Delegate 753952', '21.б06-пу', TRUE),
(456124, NULL, 'Delegate 456124', '21.б07-пу', TRUE),
(852742, NULL, 'Delegate 852742', '21.б08-пу', TRUE),
(951358, NULL, 'Delegate 951358', '21.б09-пу', TRUE),
(425875, NULL, 'Delegate 425875', '21.б10-пу', TRUE),
(357952, NULL, 'Delegate 357952', '21.б11-пу', TRUE),
(159358, NULL, 'Delegate 159358', '21.б22-пу', TRUE),
(789655, NULL, 'Delegate 789655', '21.б23-пу', TRUE),
(321457, NULL, 'Delegate 321457', '21.б14-пу', TRUE),
(987457, NULL, 'Delegate 987457', '21.б15-пу', TRUE),
(365875, NULL, 'Delegate 365875', '21.б16-пу', TRUE),
(147259, NULL, 'Delegate 147259', '21.б17-пу', TRUE),
(987124, NULL, 'Delegate 987124', '21.б18-пу', TRUE),
(321655, NULL, 'Delegate 321655', '21.б19-пу', TRUE),
(741259, NULL, 'Delegate 741259', '21.б20-пу', TRUE),
(147854, NULL, 'Delegate 147854', '22.б01-пу', TRUE),
(369854, NULL, 'Delegate 369854', '22.б02-пу', TRUE),
(741854, NULL, 'Delegate 741854', '22.б03-пу', TRUE),
(963854, NULL, 'Delegate 963854', '22.б04-пу', TRUE),
(258371, NULL, 'Delegate 258371', '22.б05-пу', TRUE);

INSERT INTO candidates (candidate_id, name, course, description, is_eligible) VALUES
(1, 'Кандидат 1', '1 бакалавриат', 'Описание кандидата 1', TRUE),
(2, 'Кандидат 2', '1 бакалавриат', 'Описание кандидата 2', TRUE),
(3, 'Кандидат 3', '1 бакалавриат', 'Описание кандидата 3', TRUE),
(4, 'Кандидат 4', '1 бакалавриат', 'Описание кандидата 4', TRUE),
(5, 'Кандидат 5', '1 бакалавриат', 'Описание кандидата 5', TRUE),
(6, 'Кандидат 6', '1 бакалавриат', 'Описание кандидата 6', FALSE);

INSERT INTO votes (delegate_id, candidate_rankings) VALUES
(147852, '{1, 3, 2, 5, 4}'),
(369852, '{1, 3, 2, 5, 4}'),
(741852, '{1, 3, 2, 5, 4}'),
(963852, '{1, 3, 2, 5, 4}'),
(258369, '{1, 3, 2, 5, 4}'),
(753951, '{1, 4, 5, 3, 2}'),
(456123, '{1, 4, 5, 3, 2}'),
(852741, '{1, 4, 5, 3, 2}'),
(951357, '{1, 4, 5, 3, 2}'),
(425874, '{1, 4, 5, 3, 2}'),
(357951, '{2, 5, 4, 1, 3}'),
(159357, '{2, 5, 4, 1, 3}'),
(789654, '{2, 5, 4, 1, 3}'),
(321456, '{2, 5, 4, 1, 3}'),
(987456, '{2, 5, 4, 1, 3}'),
(365874, '{2, 5, 4, 1, 3}'),
(147258, '{2, 5, 4, 1, 3}'),
(987123, '{2, 5, 4, 1, 3}'),
(321654, '{3, 1, 2, 5, 4}'),
(741258, '{3, 1, 2, 5, 4}'),
(147853, '{3, 1, 2, 5, 4}'),
(369853, '{3, 1, 5, 2, 4}'),
(741853, '{3, 1, 5, 2, 4}'),
(963853, '{3, 1, 5, 2, 4}'),
(258370, '{3, 1, 5, 2, 4}'),
(753952, '{3, 1, 5, 2, 4}'),
(456124, '{3, 1, 5, 2, 4}'),
(852742, '{3, 1, 5, 2, 4}'),
(951358, '{3, 2, 1, 4, 5}'),
(425875, '{3, 2, 1, 4, 5}'),
(357952, '{4, 3, 5, 2, 1}'),
(159358, '{4, 3, 5, 2, 1}'),
(789655, '{4, 3, 5, 2, 1}'),
(321457, '{4, 3, 5, 2, 1}'),
(987457, '{4, 3, 5, 2, 1}'),
(365875, '{4, 3, 5, 2, 1}'),
(147259, '{4, 3, 5, 2, 1}'),
(987124, '{5, 2, 1, 4, 3}'),
(321655, '{5, 2, 1, 4, 3}'),
(741259, '{5, 2, 1, 4, 3}'),
(147854, '{5, 2, 1, 4, 3}'),
(369854, '{5, 2, 1, 4, 3}'),
(741854, '{5, 2, 1, 4, 3}'),
(963854, '{5, 2, 1, 4, 3}'),
(258371, '{5, 2, 1, 4, 3}');
-- +goose StatementEnd

-- +goose Down
-- +goose StatementBegin
TRUNCATE TABLE delegates CASCADE;
TRUNCATE TABLE candidates CASCADE;
TRUNCATE TABLE votes CASCADE;
-- +goose StatementEnd
